model_date,date,geography_modeled,rt_median,rt_lower,rt_upper
2021-02-03,2021-01-10,illinois,0.8830872599483075,0.8715708226195831,0.8946996421500184
2021-02-03,2021-01-11,illinois,0.8820048597814316,0.8703135527629988,0.8938004043709638
2021-02-03,2021-01-12,illinois,0.8816109941636664,0.8697638510893229,0.8935652327880815
2021-02-03,2021-01-13,illinois,0.881256728943705,0.8692176504952642,0.893415367937331
2021-02-03,2021-01-14,illinois,0.8805775729863277,0.8683528040057596,0.8929165417064716
2021-02-03,2021-01-15,illinois,0.8785566451553728,0.8661466787784621,0.8910746938903209
2021-02-03,2021-01-16,illinois,0.8749535590860904,0.8623661707815845,0.8876644775477742
2021-02-03,2021-01-17,illinois,0.8696815231515387,0.8569400169999484,0.88253684221946
2021-02-03,2021-01-18,illinois,0.8638894242294676,0.8510016025490097,0.8769125936885883
2021-02-03,2021-01-19,illinois,0.8583162560698591,0.8452399787282726,0.8715238551910791
2021-02-03,2021-01-20,illinois,0.8535544504102472,0.8402813146887387,0.8669666313433089
2021-02-03,2021-01-21,illinois,0.8494759237929588,0.836003697500617,0.8630839280776519
2021-02-03,2021-01-22,illinois,0.8464999069677073,0.8327725547165639,0.8603772906425085
2021-02-03,2021-01-23,illinois,0.8443402285954349,0.8303328474075364,0.8585048332415068
2021-02-03,2021-01-24,illinois,0.8433049669942205,0.8290454398461169,0.8577256787794989
2021-02-03,2021-01-25,illinois,0.8432659206830695,0.828723841948495,0.8579819380424817
2021-02-03,2021-01-26,illinois,0.8445649501800334,0.8297001247041875,0.8596148573439673
2021-02-03,2021-01-27,illinois,0.847251086913392,0.8320505102122471,0.862635677339926
2021-02-03,2021-01-28,illinois,0.8513676252214751,0.835824688503277,0.8671223842932507
2021-02-03,2021-01-29,illinois,0.8569145976092871,0.840982535458348,0.873030394760139
2021-02-03,2021-01-30,illinois,0.8632904844252167,0.8470088886160081,0.8797963714581137
2021-02-03,2021-01-31,illinois,0.8701375345027297,0.8534679347576895,0.8870516768182903
2021-02-03,2021-02-01,illinois,0.8766623720826079,0.8596009070723354,0.8939481166159344
2021-02-03,2021-02-02,illinois,0.8828931881148725,0.865493483615142,0.9005375828138508
2021-02-03,2021-02-03,illinois,0.8881583004841753,0.870382683052647,0.9061901490509892
2021-02-03,2021-02-04,illinois,0.8925791661428435,0.8744822066287099,0.9109257038635821
2021-02-03,2021-02-05,illinois,0.8960452108248689,0.8776561293272714,0.9146830772746106
2021-02-03,2021-02-06,illinois,0.8983506823914827,0.8796712786684997,0.917251091036035
2021-02-03,2021-02-07,illinois,0.8997622925471087,0.8808178209850137,0.9189533434143955
2021-02-03,2021-02-08,illinois,0.9009435542401991,0.8817224646278361,0.9203761852163499
2021-02-03,2021-02-09,illinois,0.9017362994785427,0.8822709712054394,0.9214739845526282
2021-02-03,2021-02-10,illinois,0.9023041021275482,0.8826227523858107,0.9222703480458498
2021-02-03,2021-02-11,illinois,0.9026413831855079,0.8826968966248407,0.9228851016021915
2021-02-03,2021-02-12,illinois,0.9030160128201614,0.8828210667059935,0.923512413589314
2021-02-03,2021-02-13,illinois,0.9032437659223607,0.8827785568994146,0.9240277714702528
2021-02-03,2021-02-14,illinois,0.9035607146030435,0.8827865887882297,0.924631408725415
2021-02-03,2021-02-15,illinois,0.9036256591242984,0.8825948224050162,0.924975754161605
2021-02-03,2021-02-16,illinois,0.9035730187056072,0.8822773088333685,0.9251813556924114
2021-02-03,2021-02-17,illinois,0.9034327642995916,0.8818658636047567,0.925313815126585
2021-02-03,2021-02-18,illinois,0.9033841434008534,0.8816050312836741,0.925526775150862
2021-02-03,2021-02-19,illinois,0.9033097822279128,0.8812360056888845,0.925685238242248
2021-02-03,2021-02-20,illinois,0.9031259053603089,0.8808584186334767,0.9259000607935339
2021-02-03,2021-02-21,illinois,0.903087259432342,0.880468176527889,0.9260904556738003
2021-02-03,2021-02-22,illinois,0.9032916334365054,0.880357081154739,0.9265410396708549
2021-02-03,2021-02-23,illinois,0.9033524908449173,0.8801369260271414,0.9269476148667345
2021-02-03,2021-02-24,illinois,0.9035172949989111,0.8800435978888836,0.927357007896423
2021-02-03,2021-02-25,illinois,0.9036275675324597,0.8797997055055122,0.9277603514114338
2021-02-03,2021-02-26,illinois,0.9039791619515316,0.8798812604528727,0.9284915590759781
2021-02-03,2021-02-27,illinois,0.9040264769384385,0.8797463638402485,0.9288201152485973
2021-02-03,2021-02-28,illinois,0.9049953070125245,0.880305692345454,0.930097131282927
2021-02-03,2021-03-01,illinois,0.9058220562009068,0.880829524321292,0.931325453672349
2021-02-03,2021-03-02,illinois,0.9069906371139443,0.8816779281537701,0.9327694989272415
2021-02-03,2021-03-03,illinois,0.9080004123313603,0.8824062940473693,0.9340924891634594
2021-02-03,2021-03-04,illinois,0.9093125640833816,0.8833431415412196,0.9357859852626851
2021-02-03,2021-03-05,illinois,0.9107143962045183,0.8843713376611129,0.9375031694718744
2021-02-03,2021-03-06,illinois,0.911914736383884,0.8852628589967486,0.9390568558432507
2021-02-03,2021-03-07,illinois,0.9132542526619499,0.8862720661196434,0.9407480488904659
2021-02-03,2021-03-08,illinois,0.9143431257874388,0.8870904166681345,0.9422562283213167
2021-02-03,2021-03-09,illinois,0.9153179275040626,0.8877376911678156,0.9434635757316243
2021-02-03,2021-03-10,illinois,0.9165364719990885,0.8885648242605027,0.9450773285487826
2021-02-03,2021-03-11,illinois,0.9170401385698044,0.888800149483786,0.9458793637305103
2021-02-03,2021-03-12,illinois,0.9174856596433767,0.8889579038167399,0.9466930703429396
2021-02-03,2021-03-13,illinois,0.918444411327514,0.8896786617089697,0.947776059290319
2021-02-03,2021-03-14,illinois,0.9187449897203057,0.8896165228778019,0.9485867723426884
2021-02-03,2021-03-15,illinois,0.9192097615528552,0.8897029324416292,0.949339933029336
2021-02-03,2021-03-16,illinois,0.9190543807474927,0.889284960260232,0.9495093070904803
2021-02-03,2021-03-17,illinois,0.9189908811116452,0.8888743965410504,0.9498219997299633
2021-02-03,2021-03-18,illinois,0.9184254841153696,0.8881782609486863,0.9494933615894453
2021-02-03,2021-03-19,illinois,0.9180368208489331,0.887352520462298,0.9496070480316374
2021-02-03,2021-03-20,illinois,0.9171361082761763,0.8861648628609431,0.9488751608724633
2021-02-03,2021-03-21,illinois,0.9158174402913224,0.8844787808833305,0.9478411051734901
2021-02-03,2021-03-22,illinois,0.9139309782478757,0.8823215521048329,0.9461918101550626
2021-02-03,2021-03-23,illinois,0.911433819338539,0.8795265822469216,0.9440836841441118
2021-02-03,2021-03-24,illinois,0.9085358541891746,0.8762226409659435,0.9416460082864001
2021-02-03,2021-01-10,covidregion_1,0.8773675127767468,0.8235313571300134,0.9334165987674707
2021-02-03,2021-01-11,covidregion_1,0.8741407370060071,0.8195087113563183,0.931171445386995
2021-02-03,2021-01-12,covidregion_1,0.8714616341266244,0.8160618693145294,0.9294040797700167
2021-02-03,2021-01-13,covidregion_1,0.8688241197429214,0.8125056773735403,0.9274940429863732
2021-02-03,2021-01-14,covidregion_1,0.8657836244586913,0.8087303268161823,0.9254481083361692
2021-02-03,2021-01-15,covidregion_1,0.8607144010999701,0.8029514423712538,0.9213318223346658
2021-02-03,2021-01-16,covidregion_1,0.8533562287935852,0.7947549586471279,0.9146826585649499
2021-02-03,2021-01-17,covidregion_1,0.8436749490001487,0.7844709009293065,0.9058548138547315
2021-02-03,2021-01-18,covidregion_1,0.833010047871735,0.7728526408462179,0.8957673318737198
2021-02-03,2021-01-19,covidregion_1,0.8221852857443305,0.7613052193768266,0.886410711742305
2021-02-03,2021-01-20,covidregion_1,0.8129133816138101,0.7507497797827405,0.8780383681930165
2021-02-03,2021-01-21,covidregion_1,0.8049014469028996,0.7419524021568511,0.8715381978776217
2021-02-03,2021-01-22,covidregion_1,0.7985502885098643,0.7339583296675359,0.8662191096070553
2021-02-03,2021-01-23,covidregion_1,0.792800614053677,0.7270450968140985,0.8618718506615483
2021-02-03,2021-01-24,covidregion_1,0.7877687670049816,0.7206518415022374,0.8590596065889087
2021-02-03,2021-01-25,covidregion_1,0.7848203576705914,0.7162110309450278,0.8581911722630171
2021-02-03,2021-01-26,covidregion_1,0.7846181409036019,0.7133070900193965,0.8597157803625295
2021-02-03,2021-01-27,covidregion_1,0.7850528668106478,0.7118009183448191,0.863260603304459
2021-02-03,2021-01-28,covidregion_1,0.7883497665000279,0.7132928723807096,0.8683311511865159
2021-02-03,2021-01-29,covidregion_1,0.793085046193979,0.7153790891428069,0.8762096194040208
2021-02-03,2021-01-30,covidregion_1,0.8000646632705233,0.7195211007591145,0.8861608731626007
2021-02-03,2021-01-31,covidregion_1,0.8068181196317048,0.7237830696227378,0.8962467442895035
2021-02-03,2021-02-01,covidregion_1,0.8141238297864739,0.7280460185487603,0.9064423672993822
2021-02-03,2021-02-02,covidregion_1,0.8211877501722582,0.732578578038166,0.9168382385593028
2021-02-03,2021-02-03,covidregion_1,0.8275178316215941,0.7367454346050274,0.9258893762141764
2021-02-03,2021-02-04,covidregion_1,0.833381681984056,0.73962683021512,0.9346388218142907
2021-02-03,2021-02-05,covidregion_1,0.8385527557749561,0.7421101956859056,0.9426174791833637
2021-02-03,2021-02-06,covidregion_1,0.8415645286074793,0.7432191785593496,0.9491010214677225
2021-02-03,2021-02-07,covidregion_1,0.8450974849433903,0.7438659938180519,0.9542764666730683
2021-02-03,2021-02-08,covidregion_1,0.8471136818069508,0.7434189656469322,0.9596543451829558
2021-02-03,2021-02-09,covidregion_1,0.8484972115554723,0.743515322629626,0.9628891837276976
2021-02-03,2021-02-10,covidregion_1,0.8497100898878074,0.7413909969338993,0.9665134325517453
2021-02-03,2021-02-11,covidregion_1,0.8495995013707083,0.7392836574518005,0.9693345208844985
2021-02-03,2021-02-12,covidregion_1,0.8500476270646925,0.7379771566723323,0.9726471790703607
2021-02-03,2021-02-13,covidregion_1,0.8489687370800066,0.7350523396547446,0.9734616755900536
2021-02-03,2021-02-14,covidregion_1,0.8472601484490891,0.7312868814339917,0.9744856157798626
2021-02-03,2021-02-15,covidregion_1,0.847354700604356,0.7292063647637909,0.9778922076195277
2021-02-03,2021-02-16,covidregion_1,0.8472045888786144,0.7270963493549201,0.9807105275368211
2021-02-03,2021-02-17,covidregion_1,0.8472757817326604,0.7241792696044068,0.9844444170532001
2021-02-03,2021-02-18,covidregion_1,0.8492883915998266,0.7223217002498398,0.9893671959050185
2021-02-03,2021-02-19,covidregion_1,0.8496500733596887,0.7206051972980269,0.9916843361904286
2021-02-03,2021-02-20,covidregion_1,0.8475529509622157,0.717765695641678,0.9934080398298002
2021-02-03,2021-02-21,covidregion_1,0.8469040962634802,0.7143266948513116,0.9973962860698469
2021-02-03,2021-02-22,covidregion_1,0.8473740723695773,0.7118936144304959,1.0009508869787047
2021-02-03,2021-02-23,covidregion_1,0.8478742542768234,0.7082200503183254,1.004469079501792
2021-02-03,2021-02-24,covidregion_1,0.8472367442833897,0.7047567162477384,1.008333242430959
2021-02-03,2021-02-25,covidregion_1,0.8470375365037419,0.7009792029654067,1.0112823758529363
2021-02-03,2021-02-26,covidregion_1,0.8468957800967923,0.6984217650947409,1.013938942051789
2021-02-03,2021-02-27,covidregion_1,0.8469272720260403,0.6966093900149943,1.0194422514440356
2021-02-03,2021-02-28,covidregion_1,0.8477550797482287,0.6934504855607591,1.0222111136968084
2021-02-03,2021-03-01,covidregion_1,0.8471105880545413,0.6912021450697143,1.0265082783349793
2021-02-03,2021-03-02,covidregion_1,0.8481084206931643,0.6880470337421598,1.0304313019074645
2021-02-03,2021-03-03,covidregion_1,0.8488492769727644,0.6858228055220682,1.0374661952039599
2021-02-03,2021-03-04,covidregion_1,0.8496126344460662,0.682670612481317,1.0415502176427902
2021-02-03,2021-03-05,covidregion_1,0.8499974549746179,0.6807560698227942,1.048474231411558
2021-02-03,2021-03-06,covidregion_1,0.8519550796439929,0.6777149245503822,1.0574218310526098
2021-02-03,2021-03-07,covidregion_1,0.8553334724066031,0.6772263579089546,1.0627165937572167
2021-02-03,2021-03-08,covidregion_1,0.8588207364731448,0.6759402213431732,1.07116139281964
2021-02-03,2021-03-09,covidregion_1,0.8610373331232153,0.6738115268829132,1.0803295783678175
2021-02-03,2021-03-10,covidregion_1,0.8633693340672527,0.672432028780274,1.0867693495522177
2021-02-03,2021-03-11,covidregion_1,0.8641951581673859,0.6707844807118284,1.0939354775672243
2021-02-03,2021-03-12,covidregion_1,0.8666660939244597,0.6695989150653492,1.1008624715893536
2021-02-03,2021-03-13,covidregion_1,0.871027053280393,0.6659554175360106,1.1106152521866617
2021-02-03,2021-03-14,covidregion_1,0.8715124673306389,0.6640752197459117,1.117982186979876
2021-02-03,2021-03-15,covidregion_1,0.8721376316036757,0.6616867920750149,1.12295248710308
2021-02-03,2021-03-16,covidregion_1,0.8724198785648081,0.6554724469448214,1.1324968859902493
2021-02-03,2021-03-17,covidregion_1,0.8749448515426284,0.6540336133451082,1.1409072497553856
2021-02-03,2021-03-18,covidregion_1,0.8743627944911783,0.6491554565669037,1.1461510765780956
2021-02-03,2021-03-19,covidregion_1,0.8763902627004756,0.6448501513038477,1.155773885942175
2021-02-03,2021-03-20,covidregion_1,0.878490051617701,0.642540720731369,1.15981208793999
2021-02-03,2021-03-21,covidregion_1,0.8755216939167056,0.6383770110467795,1.165731620728498
2021-02-03,2021-03-22,covidregion_1,0.8728254325964637,0.6319758855401508,1.1644855164254209
2021-02-03,2021-03-23,covidregion_1,0.8691813362837069,0.6258368637784502,1.1663597641392776
2021-02-03,2021-03-24,covidregion_1,0.8626181042256142,0.6161519191639783,1.1666701456660893
2021-02-03,2021-01-10,covidregion_2,0.8512459100158838,0.8063167184043805,0.8978322463276409
2021-02-03,2021-01-11,covidregion_2,0.8497243273817119,0.8039608108460417,0.8971924348046816
2021-02-03,2021-01-12,covidregion_2,0.8490969140279792,0.8024690283608344,0.8975774142811452
2021-02-03,2021-01-13,covidregion_2,0.8489892671611361,0.8013725853137518,0.8984021406111601
2021-02-03,2021-01-14,covidregion_2,0.848711099393111,0.8002356605897147,0.89911333893932
2021-02-03,2021-01-15,covidregion_2,0.8484601008547177,0.7989035241861356,0.9000249073164955
2021-02-03,2021-01-16,covidregion_2,0.8484168917382893,0.7978954040392989,0.9011261898496241
2021-02-03,2021-01-17,covidregion_2,0.8484061510069505,0.796808936459455,0.9022998247070089
2021-02-03,2021-01-18,covidregion_2,0.8481588600618277,0.7954640035983116,0.9029114469133948
2021-02-03,2021-01-19,covidregion_2,0.8471408834659955,0.7934198737032389,0.9030997979639839
2021-02-03,2021-01-20,covidregion_2,0.8462965480968907,0.7915344761443448,0.9031808375093231
2021-02-03,2021-01-21,covidregion_2,0.8447968184979989,0.7893053980934988,0.9029411423058278
2021-02-03,2021-01-22,covidregion_2,0.843988930438758,0.7871146734184024,0.9034255856301024
2021-02-03,2021-01-23,covidregion_2,0.8437255049904371,0.7855252496388299,0.904644540972348
2021-02-03,2021-01-24,covidregion_2,0.8434089387167161,0.783979429844996,0.905645048296272
2021-02-03,2021-01-25,covidregion_2,0.8436029544536023,0.7833035726297575,0.9069408001623489
2021-02-03,2021-01-26,covidregion_2,0.8428928973310819,0.7814340183207711,0.907916061237591
2021-02-03,2021-01-27,covidregion_2,0.8438247145123827,0.7812356007525665,0.9100675407645771
2021-02-03,2021-01-28,covidregion_2,0.8454587810365835,0.7814678653316551,0.9130434710580809
2021-02-03,2021-01-29,covidregion_2,0.8476352336677151,0.7817091792773592,0.916873552827308
2021-02-03,2021-01-30,covidregion_2,0.8501015694538688,0.7827990888008569,0.9212999838603162
2021-02-03,2021-01-31,covidregion_2,0.8533857699536687,0.7845606423229182,0.9259448784118584
2021-02-03,2021-02-01,covidregion_2,0.8563308895603121,0.7859158369327082,0.9303548859631495
2021-02-03,2021-02-02,covidregion_2,0.8598290174500176,0.7877800645783546,0.9357761825866938
2021-02-03,2021-02-03,covidregion_2,0.8620110775303746,0.7890634936640556,0.9395900465526497
2021-02-03,2021-02-04,covidregion_2,0.8641843302493025,0.7896291228163337,0.9436305634604852
2021-02-03,2021-02-05,covidregion_2,0.8654970553200869,0.7894590614027357,0.9465857518252594
2021-02-03,2021-02-06,covidregion_2,0.8677456753462476,0.7900559261170694,0.9501858686546649
2021-02-03,2021-02-07,covidregion_2,0.8687668245099189,0.7894010416955451,0.9526846825264168
2021-02-03,2021-02-08,covidregion_2,0.8692813960652025,0.788648489931144,0.955569921738662
2021-02-03,2021-02-09,covidregion_2,0.8701557269285356,0.7881881088253349,0.9573132973839065
2021-02-03,2021-02-10,covidregion_2,0.8704800299515967,0.7868640689692914,0.9595859400696081
2021-02-03,2021-02-11,covidregion_2,0.8705088970675617,0.7860415569327088,0.9611694108783801
2021-02-03,2021-02-12,covidregion_2,0.8704490955549942,0.7839048438124265,0.9629526334370785
2021-02-03,2021-02-13,covidregion_2,0.8712376585157757,0.7831829918169673,0.9654698816723486
2021-02-03,2021-02-14,covidregion_2,0.8707435733929643,0.7826699171142621,0.9664587515586842
2021-02-03,2021-02-15,covidregion_2,0.871000612288383,0.7814996158307217,0.9680881660320151
2021-02-03,2021-02-16,covidregion_2,0.8715333877194427,0.7794520379085167,0.9703774503066955
2021-02-03,2021-02-17,covidregion_2,0.87171312603165,0.7776219030327374,0.9726252429430551
2021-02-03,2021-02-18,covidregion_2,0.8719192788678894,0.7766663602113142,0.9738897184605233
2021-02-03,2021-02-19,covidregion_2,0.8711465002517582,0.774040078607537,0.9757281705297561
2021-02-03,2021-02-20,covidregion_2,0.8696955106367454,0.7717661514111167,0.976521177491684
2021-02-03,2021-02-21,covidregion_2,0.8687274707185142,0.7690207159777176,0.9776224238849601
2021-02-03,2021-02-22,covidregion_2,0.8677640642361775,0.7668648395164869,0.9784079560380465
2021-02-03,2021-02-23,covidregion_2,0.8679233996280534,0.7646822353765328,0.9802700750273007
2021-02-03,2021-02-24,covidregion_2,0.8689455406964423,0.7637668760484925,0.9835810787713954
2021-02-03,2021-02-25,covidregion_2,0.869714142198021,0.7626197273356716,0.9863053434011109
2021-02-03,2021-02-26,covidregion_2,0.8698049295675576,0.7608852465521783,0.9885603038977151
2021-02-03,2021-02-27,covidregion_2,0.8693883820044297,0.7577790455208198,0.9906894530139538
2021-02-03,2021-02-28,covidregion_2,0.8688963780560376,0.7552638677237316,0.991969536133338
2021-02-03,2021-03-01,covidregion_2,0.8679969593012726,0.7537236309366742,0.9934321564772362
2021-02-03,2021-03-02,covidregion_2,0.8680442837054907,0.7508763450368636,0.9968752910311567
2021-02-03,2021-03-03,covidregion_2,0.8679105378935303,0.7489204573601566,0.9995386823923703
2021-02-03,2021-03-04,covidregion_2,0.868766353489995,0.7471849683870307,1.0023661877153924
2021-02-03,2021-03-05,covidregion_2,0.8690862666929338,0.7466015921914722,1.003906107130192
2021-02-03,2021-03-06,covidregion_2,0.8683146856984807,0.7429118203865627,1.0069088797712094
2021-02-03,2021-03-07,covidregion_2,0.8656824005842461,0.7387690319384466,1.0085733940377333
2021-02-03,2021-03-08,covidregion_2,0.866554061822368,0.7366821725069723,1.0107599013049289
2021-02-03,2021-03-09,covidregion_2,0.867428204596955,0.735127170331429,1.0158029704803577
2021-02-03,2021-03-10,covidregion_2,0.8695594750100701,0.7340770796485204,1.019831185552551
2021-02-03,2021-03-11,covidregion_2,0.8697998074732202,0.733289115869224,1.022090043699119
2021-02-03,2021-03-12,covidregion_2,0.8707331250610048,0.7308302378971379,1.0284548666115123
2021-02-03,2021-03-13,covidregion_2,0.8747629371989136,0.7320672865619162,1.0340258886999245
2021-02-03,2021-03-14,covidregion_2,0.877443618896312,0.7329953040160165,1.041737563455122
2021-02-03,2021-03-15,covidregion_2,0.8796562276128621,0.734118926937869,1.0447776177698058
2021-02-03,2021-03-16,covidregion_2,0.8819412963153141,0.7303052664186185,1.0511993438144267
2021-02-03,2021-03-17,covidregion_2,0.8841435372068462,0.7302023047604126,1.0565487571265704
2021-02-03,2021-03-18,covidregion_2,0.8847720969631794,0.7298085095823263,1.061820861641512
2021-02-03,2021-03-19,covidregion_2,0.8864415304169105,0.7286366772752382,1.0680183967287005
2021-02-03,2021-03-20,covidregion_2,0.8885687264434539,0.7279229011662607,1.0719214106069472
2021-02-03,2021-03-21,covidregion_2,0.8897036468671373,0.7251887676096791,1.0760646129224642
2021-02-03,2021-03-22,covidregion_2,0.889158162847445,0.7223566178548491,1.078580421368647
2021-02-03,2021-03-23,covidregion_2,0.8855012292851161,0.7173884561830657,1.0779856179777814
2021-02-03,2021-03-24,covidregion_2,0.8810042663613723,0.7109117579779535,1.07622696988023
2021-02-03,2021-01-10,covidregion_3,0.839955428709054,0.7969325078092884,0.8844634396361524
2021-02-03,2021-01-11,covidregion_3,0.8315526618801823,0.7878717431453259,0.8768387607944638
2021-02-03,2021-01-12,covidregion_3,0.8233775815677994,0.7789704613859139,0.8694342506991796
2021-02-03,2021-01-13,covidregion_3,0.814467306796385,0.7694433421250844,0.8611866719099401
2021-02-03,2021-01-14,covidregion_3,0.804446252765102,0.7585699882056007,0.8521359479453299
2021-02-03,2021-01-15,covidregion_3,0.7901465600177109,0.7435413145663247,0.8386935066224481
2021-02-03,2021-01-16,covidregion_3,0.7705099463793281,0.7232955554393186,0.819727266934327
2021-02-03,2021-01-17,covidregion_3,0.7450993296001445,0.697406539753006,0.7948609355410973
2021-02-03,2021-01-18,covidregion_3,0.7180078291642298,0.669789396282712,0.7686497465090361
2021-02-03,2021-01-19,covidregion_3,0.6915639061377783,0.6427997515466557,0.7427460462022969
2021-02-03,2021-01-20,covidregion_3,0.6670895292696748,0.6172066344554793,0.7197757127197059
2021-02-03,2021-01-21,covidregion_3,0.6452059571454308,0.5938541007738014,0.6991034084275731
2021-02-03,2021-01-22,covidregion_3,0.6250376663173937,0.5724314732652624,0.6805314945271115
2021-02-03,2021-01-23,covidregion_3,0.6076114081833525,0.5531304688373262,0.6658177571902422
2021-02-03,2021-01-24,covidregion_3,0.5937229762073377,0.5367343438149266,0.6542794331761865
2021-02-03,2021-01-25,covidregion_3,0.5825111402655858,0.5227701445820058,0.6464996609083393
2021-02-03,2021-01-26,covidregion_3,0.5750225339787928,0.5121819514314936,0.6426127936619561
2021-02-03,2021-01-27,covidregion_3,0.5725196520479752,0.5053117611491587,0.644181457404851
2021-02-03,2021-01-28,covidregion_3,0.574375867519088,0.5032813204641085,0.6516710697067105
2021-02-03,2021-01-29,covidregion_3,0.5825924189081897,0.506073814511246,0.6667399043932363
2021-02-03,2021-01-30,covidregion_3,0.5968627611801056,0.5139135371596228,0.6878951631501615
2021-02-03,2021-01-31,covidregion_3,0.6156186148102449,0.5260325870588479,0.7150000688257445
2021-02-03,2021-02-01,covidregion_3,0.6370160616194567,0.5406821286769001,0.7437936337103865
2021-02-03,2021-02-02,covidregion_3,0.6595051318444656,0.5546130891735395,0.775114953815625
2021-02-03,2021-02-03,covidregion_3,0.6802007834965915,0.568714258307777,0.8067313871713739
2021-02-03,2021-02-04,covidregion_3,0.700561601683434,0.5810231156981377,0.8346211537394133
2021-02-03,2021-02-05,covidregion_3,0.7180292882050588,0.5909822935160058,0.8611414200476118
2021-02-03,2021-02-06,covidregion_3,0.731774439673573,0.5985386201373504,0.8836700251991634
2021-02-03,2021-02-07,covidregion_3,0.7422817428686874,0.6030275736344115,0.9054738452678055
2021-02-03,2021-02-08,covidregion_3,0.7539678073431477,0.6058635230779973,0.9221019807533355
2021-02-03,2021-02-09,covidregion_3,0.7610274023752718,0.6085717152066084,0.9363027807697919
2021-02-03,2021-02-10,covidregion_3,0.7649784089128947,0.6088640185077379,0.9455256640625882
2021-02-03,2021-02-11,covidregion_3,0.7687749882463101,0.606079354097391,0.9592383502463249
2021-02-03,2021-02-12,covidregion_3,0.7709550768167447,0.6024672028651696,0.9695276769871763
2021-02-03,2021-02-13,covidregion_3,0.7750281254499245,0.597927323290024,0.9798614719331546
2021-02-03,2021-02-14,covidregion_3,0.7783719303476269,0.5961790211423246,0.9901258134035406
2021-02-03,2021-02-15,covidregion_3,0.7783692168667926,0.5920436513023232,1.0018329405161825
2021-02-03,2021-02-16,covidregion_3,0.7798458440424964,0.5868735202975524,1.0120911055528923
2021-02-03,2021-02-17,covidregion_3,0.780885932372676,0.5801885443260785,1.0211208983845668
2021-02-03,2021-02-18,covidregion_3,0.7807999980349236,0.5750253967200155,1.03328278797035
2021-02-03,2021-02-19,covidregion_3,0.7854741763332378,0.5697871885687699,1.0427410086992521
2021-02-03,2021-02-20,covidregion_3,0.7861972687251768,0.5678489200967853,1.0574254859591525
2021-02-03,2021-02-21,covidregion_3,0.7907712454640812,0.5653669363384689,1.0732844339748324
2021-02-03,2021-02-22,covidregion_3,0.7945483845476965,0.5616459248196073,1.0874476502475263
2021-02-03,2021-02-23,covidregion_3,0.7959059971040692,0.5553481807922649,1.10137653709522
2021-02-03,2021-02-24,covidregion_3,0.8008285080321658,0.5503007605467667,1.1163118378675096
2021-02-03,2021-02-25,covidregion_3,0.8029353073715279,0.5446642398590268,1.132285666682208
2021-02-03,2021-02-26,covidregion_3,0.8035817921519269,0.5389588704966884,1.1478560322074194
2021-02-03,2021-02-27,covidregion_3,0.8055369913658861,0.5327057301327529,1.1653477727197092
2021-02-03,2021-02-28,covidregion_3,0.8109567425027044,0.5255679235072914,1.1853090835106714
2021-02-03,2021-03-01,covidregion_3,0.8136227336492855,0.521181736370676,1.2057529317546556
2021-02-03,2021-03-02,covidregion_3,0.8241830176408014,0.5168620104395052,1.2271354412490585
2021-02-03,2021-03-03,covidregion_3,0.8317601240951871,0.5133266460357673,1.2509021116369161
2021-02-03,2021-03-04,covidregion_3,0.8401916569021263,0.5116241271959134,1.2706881301753699
2021-02-03,2021-03-05,covidregion_3,0.8456763824891875,0.5098595074528016,1.2966963951801151
2021-02-03,2021-03-06,covidregion_3,0.8493554980511356,0.5066619315765539,1.3209430093118573
2021-02-03,2021-03-07,covidregion_3,0.8568326226130207,0.5006755263040523,1.3426293337039903
2021-02-03,2021-03-08,covidregion_3,0.8630175462512941,0.4969154541423807,1.3728580445623697
2021-02-03,2021-03-09,covidregion_3,0.8667997033090462,0.48866194746477554,1.3973934075659917
2021-02-03,2021-03-10,covidregion_3,0.8686913348698836,0.48293867750991887,1.4225421282658703
2021-02-03,2021-03-11,covidregion_3,0.8696293883744706,0.47347775461124914,1.4479774880422724
2021-02-03,2021-03-12,covidregion_3,0.8689987450385154,0.4624923466165939,1.4620585302887346
2021-02-03,2021-03-13,covidregion_3,0.8716843710235797,0.4530430527821372,1.5031282532023933
2021-02-03,2021-03-14,covidregion_3,0.8763644072420578,0.439439962460624,1.5284231925039855
2021-02-03,2021-03-15,covidregion_3,0.8792886611932869,0.42756312671507585,1.5521186605039747
2021-02-03,2021-03-16,covidregion_3,0.8897906095417869,0.4173408701816729,1.5872868144055725
2021-02-03,2021-03-17,covidregion_3,0.8924241827450968,0.4131773350814179,1.6320231926534454
2021-02-03,2021-03-18,covidregion_3,0.9004902601701125,0.4057127588965991,1.6992724507559658
2021-02-03,2021-03-19,covidregion_3,0.9165506989412924,0.40239806889586704,1.765922396004361
2021-02-03,2021-03-20,covidregion_3,0.9370261139474462,0.40016401772649546,1.8362190843007227
2021-02-03,2021-03-21,covidregion_3,0.958740231324057,0.39232083279304675,1.9182343691053838
2021-02-03,2021-03-22,covidregion_3,0.9746540527943872,0.38203897782941704,1.9837369759976382
2021-02-03,2021-03-23,covidregion_3,0.9995600942024008,0.370521323655564,2.051652985210059
2021-02-03,2021-03-24,covidregion_3,1.0062042973065655,0.35898922600084604,2.127936914705134
2021-02-03,2021-01-10,covidregion_4,0.9500637468172077,0.9060271818551021,0.9955208584311073
2021-02-03,2021-01-11,covidregion_4,0.9498065734623984,0.9053443672938385,0.995733712348742
2021-02-03,2021-01-12,covidregion_4,0.9504701480641454,0.9056731904763125,0.9967205107128688
2021-02-03,2021-01-13,covidregion_4,0.9508465597071802,0.905845707866979,0.9972954259488855
2021-02-03,2021-01-14,covidregion_4,0.9510545534869377,0.9059035742296722,0.9977031307161196
2021-02-03,2021-01-15,covidregion_4,0.9502353815686352,0.904827595296485,0.9970550949785932
2021-02-03,2021-01-16,covidregion_4,0.9487468420134415,0.9030327162237457,0.9959600245229775
2021-02-03,2021-01-17,covidregion_4,0.9459451944075201,0.900085822935792,0.9933130468173001
2021-02-03,2021-01-18,covidregion_4,0.943740548275046,0.8972917861814729,0.9915183493670228
2021-02-03,2021-01-19,covidregion_4,0.9413762891698787,0.8949470026056876,0.9895056776525735
2021-02-03,2021-01-20,covidregion_4,0.9395654077564681,0.8926240581352849,0.9880259411051799
2021-02-03,2021-01-21,covidregion_4,0.9374367300104105,0.8906612182878288,0.9859403071969182
2021-02-03,2021-01-22,covidregion_4,0.9360750186241065,0.8887941888018034,0.9848973174865173
2021-02-03,2021-01-23,covidregion_4,0.9351532981134074,0.8875186234257317,0.9845213206786139
2021-02-03,2021-01-24,covidregion_4,0.9349386223541722,0.8867227330784139,0.9848252710311364
2021-02-03,2021-01-25,covidregion_4,0.9351778423400516,0.886646843490094,0.9852388826059845
2021-02-03,2021-01-26,covidregion_4,0.9353265685074261,0.8865045147629007,0.9859090816982458
2021-02-03,2021-01-27,covidregion_4,0.9355102155366097,0.8864042305829694,0.9864588147506863
2021-02-03,2021-01-28,covidregion_4,0.9360349069751701,0.886388969027857,0.9875178409905887
2021-02-03,2021-01-29,covidregion_4,0.9367628589436054,0.8864779182504976,0.9888212481355998
2021-02-03,2021-01-30,covidregion_4,0.938022052215675,0.8874477786321447,0.9905614734504636
2021-02-03,2021-01-31,covidregion_4,0.940182029089225,0.8891115045016516,0.993108710300237
2021-02-03,2021-02-01,covidregion_4,0.9418889965990896,0.8904967250126785,0.9950963011498277
2021-02-03,2021-02-02,covidregion_4,0.9434295536362718,0.8914471792084413,0.9975225325202739
2021-02-03,2021-02-03,covidregion_4,0.9444721271929439,0.8919065240809729,0.998785259527586
2021-02-03,2021-02-04,covidregion_4,0.9452016296492518,0.892444343450034,1.0000969493867946
2021-02-03,2021-02-05,covidregion_4,0.9449634966964173,0.8919690482091794,1.0003403237810053
2021-02-03,2021-02-06,covidregion_4,0.9448714844705031,0.8911020860215033,1.0004356968605697
2021-02-03,2021-02-07,covidregion_4,0.9443797038886161,0.8907116249764768,1.0001800870793809
2021-02-03,2021-02-08,covidregion_4,0.9437886587856055,0.8894988849739915,0.9999258819215004
2021-02-03,2021-02-09,covidregion_4,0.9432533282772559,0.8886319895842711,1.0003874674640545
2021-02-03,2021-02-10,covidregion_4,0.9435863586362854,0.8883746655270321,1.0010082412606245
2021-02-03,2021-02-11,covidregion_4,0.943656627417601,0.8880149165833551,1.0013911091801586
2021-02-03,2021-02-12,covidregion_4,0.9430699980036144,0.8875735137540848,1.0010030739698401
2021-02-03,2021-02-13,covidregion_4,0.9423481682407941,0.8863201122201786,1.0004888427080907
2021-02-03,2021-02-14,covidregion_4,0.9417407054991223,0.8850800607102954,1.0008788262609531
2021-02-03,2021-02-15,covidregion_4,0.9416708261314892,0.8844650066975934,1.0012037973580896
2021-02-03,2021-02-16,covidregion_4,0.9408867143104661,0.8837196656352728,1.0006318535121967
2021-02-03,2021-02-17,covidregion_4,0.940606055415325,0.8828148486631276,1.0009718463637254
2021-02-03,2021-02-18,covidregion_4,0.9401550117761265,0.881914059644008,1.0005900233861045
2021-02-03,2021-02-19,covidregion_4,0.9391666625077099,0.8804949548434803,1.0003107452625324
2021-02-03,2021-02-20,covidregion_4,0.9390707200627457,0.8799405962512842,1.000792395746834
2021-02-03,2021-02-21,covidregion_4,0.9390311393233746,0.8792937825929489,1.001305587676035
2021-02-03,2021-02-22,covidregion_4,0.9388077857289576,0.8788677770843851,1.001487476341933
2021-02-03,2021-02-23,covidregion_4,0.9385585523537738,0.8782192285920131,1.0020176750241214
2021-02-03,2021-02-24,covidregion_4,0.9387474504900131,0.8778558604239995,1.002288289321788
2021-02-03,2021-02-25,covidregion_4,0.9381783754446931,0.8764995566269265,1.0024768101825565
2021-02-03,2021-02-26,covidregion_4,0.9373640764633084,0.8754386824633547,1.0018539356957827
2021-02-03,2021-02-27,covidregion_4,0.9365561522253663,0.8742417057288541,1.0018388585025821
2021-02-03,2021-02-28,covidregion_4,0.9365512989164784,0.873780605503736,1.002256513032762
2021-02-03,2021-03-01,covidregion_4,0.9364018747497476,0.8729399390966455,1.0025896735747515
2021-02-03,2021-03-02,covidregion_4,0.9360294149449269,0.872169585744681,1.0025796542972985
2021-02-03,2021-03-03,covidregion_4,0.936126674205137,0.8717620498981229,1.0035427420786567
2021-02-03,2021-03-04,covidregion_4,0.9355800500862128,0.8709379189969324,1.003282731592702
2021-02-03,2021-03-05,covidregion_4,0.9354890512708446,0.8702486554045039,1.0035589829789502
2021-02-03,2021-03-06,covidregion_4,0.9353953123959571,0.8696895792768992,1.0043580426831746
2021-02-03,2021-03-07,covidregion_4,0.9354318529921339,0.8684786232477892,1.0054344344761201
2021-02-03,2021-03-08,covidregion_4,0.936101123723261,0.8690277171443119,1.005987817460376
2021-02-03,2021-03-09,covidregion_4,0.9364539265095868,0.8686668625189037,1.0076261117720402
2021-02-03,2021-03-10,covidregion_4,0.9374515596858594,0.8693128817009046,1.0093356222717476
2021-02-03,2021-03-11,covidregion_4,0.9383242675931853,0.8695190801788382,1.0105764698158648
2021-02-03,2021-03-12,covidregion_4,0.9388897026303087,0.869301826912638,1.011547909477899
2021-02-03,2021-03-13,covidregion_4,0.9399972177919599,0.870037107619761,1.0131387273154702
2021-02-03,2021-03-14,covidregion_4,0.9403335411591706,0.8697712450698758,1.014269938065718
2021-02-03,2021-03-15,covidregion_4,0.940624029026228,0.8698011472380591,1.015749455302071
2021-02-03,2021-03-16,covidregion_4,0.9406633155607879,0.8687106077727765,1.016521162124583
2021-02-03,2021-03-17,covidregion_4,0.9408958885297448,0.8682657815764431,1.0172225681169489
2021-02-03,2021-03-18,covidregion_4,0.9416686012041486,0.8683666398523735,1.0186556622808736
2021-02-03,2021-03-19,covidregion_4,0.9416368250035871,0.8682636935987805,1.0194089780706794
2021-02-03,2021-03-20,covidregion_4,0.9415372814621277,0.8676237517389472,1.0199279362543372
2021-02-03,2021-03-21,covidregion_4,0.9414763470827855,0.8669549014892117,1.020274246938824
2021-02-03,2021-03-22,covidregion_4,0.9409563623750659,0.8657610844006546,1.0206195071817143
2021-02-03,2021-03-23,covidregion_4,0.9405967666808374,0.8645754228694426,1.0207253260004847
2021-02-03,2021-03-24,covidregion_4,0.9397774652497087,0.862872456375696,1.0198744034531653
2021-02-03,2021-01-10,covidregion_5,0.9450329867667886,0.8807345729073711,1.0127426480371207
2021-02-03,2021-01-11,covidregion_5,0.946253374168844,0.8812763408098867,1.0147261340093554
2021-02-03,2021-01-12,covidregion_5,0.9479729544569853,0.8821833876414544,1.0169177452478626
2021-02-03,2021-01-13,covidregion_5,0.9496916868521519,0.8832426969420899,1.0191863001881505
2021-02-03,2021-01-14,covidregion_5,0.9515741883811069,0.8847591705335456,1.0215861388076881
2021-02-03,2021-01-15,covidregion_5,0.9548610918195313,0.8875421117510565,1.025257198930519
2021-02-03,2021-01-16,covidregion_5,0.9595507637780543,0.8920505597912114,1.0303551166901763
2021-02-03,2021-01-17,covidregion_5,0.965514360815977,0.8973445048224606,1.0372864910517703
2021-02-03,2021-01-18,covidregion_5,0.9703739918088278,0.9013371532914765,1.042746173003343
2021-02-03,2021-01-19,covidregion_5,0.9754223180915076,0.9057984019248853,1.0484567869056804
2021-02-03,2021-01-20,covidregion_5,0.9797930380401003,0.9101268494011365,1.052950024401561
2021-02-03,2021-01-21,covidregion_5,0.9829301633477125,0.9128263739902337,1.05678233115212
2021-02-03,2021-01-22,covidregion_5,0.9859364844925147,0.91507551526481,1.0601549670047077
2021-02-03,2021-01-23,covidregion_5,0.9880696304756804,0.9175836649084976,1.0623134777027756
2021-02-03,2021-01-24,covidregion_5,0.9895028376341337,0.9185744279119192,1.064196091514068
2021-02-03,2021-01-25,covidregion_5,0.9909368755877676,0.9198393563840355,1.0654475407116601
2021-02-03,2021-01-26,covidregion_5,0.9923882836719186,0.9206747623601415,1.0672581634544325
2021-02-03,2021-01-27,covidregion_5,0.9932492349112093,0.9217955286898831,1.068359339609588
2021-02-03,2021-01-28,covidregion_5,0.9930253898922021,0.922059429159772,1.0681504124728178
2021-02-03,2021-01-29,covidregion_5,0.9926608305976119,0.9213125312147159,1.0676799815890892
2021-02-03,2021-01-30,covidregion_5,0.9918505594399827,0.9202442135554433,1.0668133495824421
2021-02-03,2021-01-31,covidregion_5,0.9902979044347195,0.9188073921997986,1.0650637950234487
2021-02-03,2021-02-01,covidregion_5,0.9875254749598621,0.9163042593116013,1.0628457774855504
2021-02-03,2021-02-02,covidregion_5,0.9853360851158041,0.9136688974756381,1.0608996185134605
2021-02-03,2021-02-03,covidregion_5,0.9834583718662975,0.911418302330853,1.0586095829854423
2021-02-03,2021-02-04,covidregion_5,0.9815095714179765,0.9099662155037053,1.056650167995382
2021-02-03,2021-02-05,covidregion_5,0.9797909184262537,0.9080645023294842,1.055426633488639
2021-02-03,2021-02-06,covidregion_5,0.9797369977581445,0.9075277403405914,1.0552111312011618
2021-02-03,2021-02-07,covidregion_5,0.9796662989112928,0.9073192598284997,1.0555363999773029
2021-02-03,2021-02-08,covidregion_5,0.9793664291175022,0.9067272166127169,1.0555312692963719
2021-02-03,2021-02-09,covidregion_5,0.9792093743564324,0.9068942804001194,1.0557876327627636
2021-02-03,2021-02-10,covidregion_5,0.9790190393451165,0.9061460818517656,1.0554880422760688
2021-02-03,2021-02-11,covidregion_5,0.9785916562562809,0.9060993172862579,1.0560031452730256
2021-02-03,2021-02-12,covidregion_5,0.9786291161075424,0.9053024103656763,1.0557131108309155
2021-02-03,2021-02-13,covidregion_5,0.9784190296876811,0.9048592212422524,1.0553924392517704
2021-02-03,2021-02-14,covidregion_5,0.9769763654586314,0.9038029487008732,1.0543451423849346
2021-02-03,2021-02-15,covidregion_5,0.97651872582423,0.9027709288976693,1.0539052910802462
2021-02-03,2021-02-16,covidregion_5,0.9758067247429858,0.9017783127783792,1.05352658466725
2021-02-03,2021-02-17,covidregion_5,0.9753167345512832,0.9012208647415765,1.0535114395365803
2021-02-03,2021-02-18,covidregion_5,0.9751895331611062,0.9005825304147175,1.0537393854226929
2021-02-03,2021-02-19,covidregion_5,0.9758139598487466,0.9008664396019428,1.0550287516105927
2021-02-03,2021-02-20,covidregion_5,0.9770131158792668,0.9020898783188266,1.0555807429386226
2021-02-03,2021-02-21,covidregion_5,0.9762230686156894,0.9010255613255098,1.055161482198326
2021-02-03,2021-02-22,covidregion_5,0.9757046139839325,0.8996792649010792,1.0549462264378073
2021-02-03,2021-02-23,covidregion_5,0.9750462946031211,0.8995365575170309,1.0547734899469634
2021-02-03,2021-02-24,covidregion_5,0.9743693666515231,0.8986014704153247,1.0545159739386851
2021-02-03,2021-02-25,covidregion_5,0.9724721467615582,0.8968488370917895,1.0529953541210002
2021-02-03,2021-02-26,covidregion_5,0.9719538347800698,0.8956035531932769,1.0525847842129725
2021-02-03,2021-02-27,covidregion_5,0.9714186861567169,0.8949433193998967,1.051906575123243
2021-02-03,2021-02-28,covidregion_5,0.9710336264393193,0.8937035992294937,1.0522319944033258
2021-02-03,2021-03-01,covidregion_5,0.9708527194970127,0.8934959036125343,1.0522469473500735
2021-02-03,2021-03-02,covidregion_5,0.9701780729883743,0.8928302240531455,1.052167050853595
2021-02-03,2021-03-03,covidregion_5,0.9705634678572936,0.8926313394373071,1.052253024063704
2021-02-03,2021-03-04,covidregion_5,0.9690797416941153,0.8921069247393552,1.0514745113376651
2021-02-03,2021-03-05,covidregion_5,0.9690495068246489,0.8908797653370789,1.0514511068518397
2021-02-03,2021-03-06,covidregion_5,0.9694776886302918,0.8911399916332385,1.051955014883949
2021-02-03,2021-03-07,covidregion_5,0.9691211327990654,0.8903130875695798,1.0522919409095293
2021-02-03,2021-03-08,covidregion_5,0.9692377794398969,0.8897087147709908,1.0534668551616593
2021-02-03,2021-03-09,covidregion_5,0.9697596306377747,0.8901562422567657,1.0540877298129319
2021-02-03,2021-03-10,covidregion_5,0.9699712585978599,0.8902544512723101,1.054527436089825
2021-02-03,2021-03-11,covidregion_5,0.9707274037289456,0.8905197939205949,1.055481714891827
2021-02-03,2021-03-12,covidregion_5,0.9701115640178991,0.8899692798778289,1.0556628148441616
2021-02-03,2021-03-13,covidregion_5,0.9707775265568374,0.889037286824183,1.0563187363998632
2021-02-03,2021-03-14,covidregion_5,0.9706982946026788,0.8896483663885959,1.0571206510410853
2021-02-03,2021-03-15,covidregion_5,0.9711837816958997,0.8899936577156553,1.0573150515970042
2021-02-03,2021-03-16,covidregion_5,0.9711786595378782,0.8894605127608823,1.0586280167919688
2021-02-03,2021-03-17,covidregion_5,0.9727765805623827,0.8903409676496927,1.0598329578349996
2021-02-03,2021-03-18,covidregion_5,0.9735950521656679,0.8902601644783181,1.0607409806059667
2021-02-03,2021-03-19,covidregion_5,0.9722824184264311,0.889724925682879,1.0601896344316537
2021-02-03,2021-03-20,covidregion_5,0.9723131912930008,0.8890055909997956,1.0605062648299395
2021-02-03,2021-03-21,covidregion_5,0.9712557054447857,0.8880369380293218,1.0603710761130127
2021-02-03,2021-03-22,covidregion_5,0.9712822448398282,0.8879865230483297,1.061020258598596
2021-02-03,2021-03-23,covidregion_5,0.9714998868842245,0.8871284774325058,1.0610178931352832
2021-02-03,2021-03-24,covidregion_5,0.9712730829593261,0.8868286290404067,1.0617074955022834
2021-02-03,2021-01-10,covidregion_6,0.9416150877985976,0.8947092571006692,0.9901074763163635
2021-02-03,2021-01-11,covidregion_6,0.9398401854673053,0.8926512206198363,0.9886636557519163
2021-02-03,2021-01-12,covidregion_6,0.9383438446794792,0.8908432487900381,0.9874491088100568
2021-02-03,2021-01-13,covidregion_6,0.9368891659816039,0.889148781632559,0.9862623212776388
2021-02-03,2021-01-14,covidregion_6,0.9350835787241634,0.8870346502741752,0.9847635936886325
2021-02-03,2021-01-15,covidregion_6,0.9315338688237612,0.8830724650593044,0.9818025728331023
2021-02-03,2021-01-16,covidregion_6,0.9264189407638108,0.8777104019939259,0.9771145734947868
2021-02-03,2021-01-17,covidregion_6,0.9187930233403655,0.8700974508467911,0.9695087815220764
2021-02-03,2021-01-18,covidregion_6,0.9106248953787923,0.8614064899903222,0.9617041453225919
2021-02-03,2021-01-19,covidregion_6,0.903438759242159,0.854193964466984,0.9544835939492741
2021-02-03,2021-01-20,covidregion_6,0.8964640918637323,0.8469648122782546,0.9482489197193433
2021-02-03,2021-01-21,covidregion_6,0.8905243886119008,0.840412581847136,0.9428093064371572
2021-02-03,2021-01-22,covidregion_6,0.8863987553275604,0.8355875815261522,0.9392137141690415
2021-02-03,2021-01-23,covidregion_6,0.8833624665226413,0.8317327329208442,0.9368618355447469
2021-02-03,2021-01-24,covidregion_6,0.8807527334841865,0.8286900744092653,0.9350073824393295
2021-02-03,2021-01-25,covidregion_6,0.8799410930442613,0.8270101169216224,0.9348876861041041
2021-02-03,2021-01-26,covidregion_6,0.8798849689905713,0.8261377368372728,0.9360245587535891
2021-02-03,2021-01-27,covidregion_6,0.8802073715157097,0.8254505913911088,0.9372343266936531
2021-02-03,2021-01-28,covidregion_6,0.8819552789293053,0.8264229328055234,0.939890934218774
2021-02-03,2021-01-29,covidregion_6,0.8851951988455125,0.8287076693775468,0.9441408979611075
2021-02-03,2021-01-30,covidregion_6,0.8886343432981243,0.8313483670613908,0.9485703774904843
2021-02-03,2021-01-31,covidregion_6,0.8927183067634503,0.834017519447448,0.9540658106389028
2021-02-03,2021-02-01,covidregion_6,0.8972744153948415,0.8378703037580071,0.9592511231422989
2021-02-03,2021-02-02,covidregion_6,0.9010090080060615,0.8407227451150158,0.9644250326755537
2021-02-03,2021-02-03,covidregion_6,0.9042830011928751,0.8428987060510092,0.9682658182687633
2021-02-03,2021-02-04,covidregion_6,0.9065884658485799,0.8442100510547383,0.9719761091484085
2021-02-03,2021-02-05,covidregion_6,0.9075645713544833,0.8443568999521901,0.9738245613766967
2021-02-03,2021-02-06,covidregion_6,0.9080116811252477,0.8442075752939913,0.9752086951611945
2021-02-03,2021-02-07,covidregion_6,0.9079510959890595,0.8434508320499344,0.9759557368436527
2021-02-03,2021-02-08,covidregion_6,0.9080767196424613,0.842680598219647,0.976581474025562
2021-02-03,2021-02-09,covidregion_6,0.9069036236235384,0.8407475257718805,0.9766519781933616
2021-02-03,2021-02-10,covidregion_6,0.9066360878255452,0.8397205115881365,0.976955516117471
2021-02-03,2021-02-11,covidregion_6,0.905958045390083,0.838047868260823,0.9772589207297184
2021-02-03,2021-02-12,covidregion_6,0.9056607543740316,0.8373818380965077,0.9781421736012956
2021-02-03,2021-02-13,covidregion_6,0.905154606082452,0.8358978034449948,0.9781489947178463
2021-02-03,2021-02-14,covidregion_6,0.9049686370463128,0.8350904679989319,0.9794513376951062
2021-02-03,2021-02-15,covidregion_6,0.9058927360278055,0.8348767912598063,0.9808251045417756
2021-02-03,2021-02-16,covidregion_6,0.9066357708866744,0.834572832285335,0.9821889940286244
2021-02-03,2021-02-17,covidregion_6,0.9061516186307335,0.8333623807212613,0.9831567476574672
2021-02-03,2021-02-18,covidregion_6,0.9067377244491681,0.8331029760849341,0.9846935526954781
2021-02-03,2021-02-19,covidregion_6,0.906933553288888,0.8324941716892971,0.9858858170989944
2021-02-03,2021-02-20,covidregion_6,0.9072563329846532,0.832019283539258,0.9869724744475592
2021-02-03,2021-02-21,covidregion_6,0.907081739966424,0.8307765025708012,0.987983955239373
2021-02-03,2021-02-22,covidregion_6,0.9074627612776698,0.830143630153016,0.9891413113509354
2021-02-03,2021-02-23,covidregion_6,0.9074410869181071,0.8290665531910744,0.9901620520057635
2021-02-03,2021-02-24,covidregion_6,0.9073515723163992,0.8281256069361127,0.9913751087671976
2021-02-03,2021-02-25,covidregion_6,0.9077774569516286,0.8277451270054095,0.9931577701740513
2021-02-03,2021-02-26,covidregion_6,0.907596345107271,0.8265642727264854,0.9940949561538333
2021-02-03,2021-02-27,covidregion_6,0.908221852707201,0.8258220256665558,0.9958710586951991
2021-02-03,2021-02-28,covidregion_6,0.9083835525709826,0.8246149204269426,0.9966935794409273
2021-02-03,2021-03-01,covidregion_6,0.9079035302571501,0.8236053185179225,0.9977024761558475
2021-02-03,2021-03-02,covidregion_6,0.9069873965103925,0.8221756777473463,0.9978974875706289
2021-02-03,2021-03-03,covidregion_6,0.906866976375664,0.8204698072118373,0.9988030395428726
2021-02-03,2021-03-04,covidregion_6,0.9068020294766209,0.8193842643289624,0.9996746691000229
2021-02-03,2021-03-05,covidregion_6,0.9060191266625235,0.817817905303972,1.0008048732569668
2021-02-03,2021-03-06,covidregion_6,0.9073248589153244,0.8172351230545272,1.003296189179073
2021-02-03,2021-03-07,covidregion_6,0.9081271897813623,0.8175931738781983,1.0048881322678884
2021-02-03,2021-03-08,covidregion_6,0.9081678557179178,0.8167048458725424,1.0065951664004675
2021-02-03,2021-03-09,covidregion_6,0.908297224169013,0.8156271819409247,1.0076374972591555
2021-02-03,2021-03-10,covidregion_6,0.908636910497993,0.814798407182717,1.0097678176809435
2021-02-03,2021-03-11,covidregion_6,0.9095956377221537,0.8145493661799714,1.0117074107283277
2021-02-03,2021-03-12,covidregion_6,0.9099645324655137,0.8142471363767487,1.012852138683093
2021-02-03,2021-03-13,covidregion_6,0.9094868583499617,0.8126678017129315,1.013777099065213
2021-02-03,2021-03-14,covidregion_6,0.9089365922842629,0.8108450946543848,1.0156499098440497
2021-02-03,2021-03-15,covidregion_6,0.9087724504584889,0.8088769660607498,1.0167829041777785
2021-02-03,2021-03-16,covidregion_6,0.9094456606311727,0.8082348003416056,1.0187875766242809
2021-02-03,2021-03-17,covidregion_6,0.9093767493296854,0.8078487404007532,1.019762721248962
2021-02-03,2021-03-18,covidregion_6,0.9104105728754475,0.8070721539912596,1.0218083748008469
2021-02-03,2021-03-19,covidregion_6,0.910045301129297,0.8060005859522683,1.023385093441445
2021-02-03,2021-03-20,covidregion_6,0.9127797195464454,0.807014261744685,1.0263767614650248
2021-02-03,2021-03-21,covidregion_6,0.9125277930408768,0.8048003348656083,1.0283866528064598
2021-02-03,2021-03-22,covidregion_6,0.9107307191097328,0.8032793807455845,1.0282054939808876
2021-02-03,2021-03-23,covidregion_6,0.9083079983026336,0.7999279885636952,1.0270467543048931
2021-02-03,2021-03-24,covidregion_6,0.9063417590422627,0.796281960159511,1.0262649889367474
2021-02-03,2021-01-10,covidregion_7,0.8356671416545478,0.7855561284578619,0.8878232545389277
2021-02-03,2021-01-11,covidregion_7,0.8283168274231358,0.7774109791678603,0.8813484649553196
2021-02-03,2021-01-12,covidregion_7,0.8215815198250487,0.7698340200927669,0.8755976560652086
2021-02-03,2021-01-13,covidregion_7,0.8148324976288543,0.7621125411348704,0.8699619934790135
2021-02-03,2021-01-14,covidregion_7,0.8072576895738748,0.753617447311155,0.8636012256250949
2021-02-03,2021-01-15,covidregion_7,0.796615528610662,0.7420678951827929,0.8541217377240468
2021-02-03,2021-01-16,covidregion_7,0.7820221937924157,0.7266108295774101,0.8403772978301416
2021-02-03,2021-01-17,covidregion_7,0.7641612542203676,0.7076257170522999,0.8233400746130777
2021-02-03,2021-01-18,covidregion_7,0.7447924176666042,0.687331984375755,0.8051884427197392
2021-02-03,2021-01-19,covidregion_7,0.7260057018607999,0.6677682373125164,0.7872416555741453
2021-02-03,2021-01-20,covidregion_7,0.7080273915883901,0.6482445018452019,0.7709503570242318
2021-02-03,2021-01-21,covidregion_7,0.6908087967292947,0.6298717657649975,0.7558306718364352
2021-02-03,2021-01-22,covidregion_7,0.6761125162730811,0.6130597375699554,0.7431524390267708
2021-02-03,2021-01-23,covidregion_7,0.6631382844438589,0.5979358509343734,0.7328425274239616
2021-02-03,2021-01-24,covidregion_7,0.6526096153372003,0.5851230681912807,0.7251193592375123
2021-02-03,2021-01-25,covidregion_7,0.6443579679910585,0.5739236945567805,0.7197808840753823
2021-02-03,2021-01-26,covidregion_7,0.6382442380256017,0.5651730297930975,0.7181274223627101
2021-02-03,2021-01-27,covidregion_7,0.6371656001068768,0.5596271547774543,0.7209406446170081
2021-02-03,2021-01-28,covidregion_7,0.6390440661415661,0.557534877563262,0.7280782825630703
2021-02-03,2021-01-29,covidregion_7,0.6464901765473113,0.5601635836698395,0.74168611400373
2021-02-03,2021-01-30,covidregion_7,0.6583219357423984,0.5661972891976761,0.7594045447050863
2021-02-03,2021-01-31,covidregion_7,0.6725191132108632,0.575387168933956,0.7802935432726537
2021-02-03,2021-02-01,covidregion_7,0.6890276216971487,0.5852448645259072,0.8040671131002578
2021-02-03,2021-02-02,covidregion_7,0.7062665378009831,0.5959468421438312,0.8295528941580143
2021-02-03,2021-02-03,covidregion_7,0.7217763006658067,0.6054081080630902,0.8528064957198933
2021-02-03,2021-02-04,covidregion_7,0.736208674863741,0.6129277471249679,0.8732875179544953
2021-02-03,2021-02-05,covidregion_7,0.7471486464108179,0.617886057226996,0.8929653443603646
2021-02-03,2021-02-06,covidregion_7,0.7570256076611683,0.6219682433769417,0.910517317542896
2021-02-03,2021-02-07,covidregion_7,0.7661377101914788,0.6250202708705886,0.9257828444565306
2021-02-03,2021-02-08,covidregion_7,0.7720823320607143,0.6259822006171645,0.9388631998424989
2021-02-03,2021-02-09,covidregion_7,0.7772841006533736,0.6267122031646353,0.9504741588666502
2021-02-03,2021-02-10,covidregion_7,0.7810153290976357,0.623619446352813,0.9602468845090731
2021-02-03,2021-02-11,covidregion_7,0.784081940536893,0.6216489592677836,0.9681868436473884
2021-02-03,2021-02-12,covidregion_7,0.7851730319652003,0.6203725841228012,0.9774714705381025
2021-02-03,2021-02-13,covidregion_7,0.7874935176674291,0.6173831242301517,0.9877745810309071
2021-02-03,2021-02-14,covidregion_7,0.7878571250039567,0.6117967511620854,0.9953337869117613
2021-02-03,2021-02-15,covidregion_7,0.788566513758646,0.6060469744814014,1.0036734239974252
2021-02-03,2021-02-16,covidregion_7,0.7866778330282727,0.599619243006696,1.012204293931199
2021-02-03,2021-02-17,covidregion_7,0.7866574187563915,0.5937390214560727,1.0168275213630684
2021-02-03,2021-02-18,covidregion_7,0.785633883267455,0.5872726365763776,1.0230568450609128
2021-02-03,2021-02-19,covidregion_7,0.7864107414002625,0.5821718665401301,1.0323176598590196
2021-02-03,2021-02-20,covidregion_7,0.787715524714699,0.5769046633169683,1.0428403370068637
2021-02-03,2021-02-21,covidregion_7,0.7883604785352292,0.5713907834791515,1.0532442688755594
2021-02-03,2021-02-22,covidregion_7,0.7894551676485002,0.5667987010096855,1.0678210788435685
2021-02-03,2021-02-23,covidregion_7,0.7914345061759336,0.5624230328604986,1.0801106863545022
2021-02-03,2021-02-24,covidregion_7,0.7950923500960352,0.5560867640112337,1.0955397340997153
2021-02-03,2021-02-25,covidregion_7,0.8001195204581067,0.550954594986282,1.1128278376607268
2021-02-03,2021-02-26,covidregion_7,0.8051285180434467,0.547040044291813,1.1262446434957543
2021-02-03,2021-02-27,covidregion_7,0.8097559837442595,0.5455183494983049,1.1424487969531811
2021-02-03,2021-02-28,covidregion_7,0.8153370771199213,0.541724770836192,1.159811783105925
2021-02-03,2021-03-01,covidregion_7,0.820419099353036,0.5371177454908334,1.1815237601113149
2021-02-03,2021-03-02,covidregion_7,0.824193705309024,0.5337518590240085,1.2046997501693426
2021-02-03,2021-03-03,covidregion_7,0.8291804049281506,0.5318980529448267,1.2241796673913312
2021-02-03,2021-03-04,covidregion_7,0.8368933253769009,0.5274120572236323,1.2497309827730185
2021-02-03,2021-03-05,covidregion_7,0.8428689173046494,0.5252186127104977,1.270047011825868
2021-02-03,2021-03-06,covidregion_7,0.8499868477228602,0.5218749014007238,1.2922507390232423
2021-02-03,2021-03-07,covidregion_7,0.8588817700978114,0.5166523669382619,1.3190064752887078
2021-02-03,2021-03-08,covidregion_7,0.8634132983576077,0.5154214431293647,1.347441539383039
2021-02-03,2021-03-09,covidregion_7,0.8684792645679649,0.5122259505245645,1.3692908636553962
2021-02-03,2021-03-10,covidregion_7,0.8757821426064494,0.5065986608483006,1.3949512234147816
2021-02-03,2021-03-11,covidregion_7,0.8811917921243191,0.49918197515239027,1.4176512293913972
2021-02-03,2021-03-12,covidregion_7,0.8872872325342516,0.4942593519218895,1.4412043163639545
2021-02-03,2021-03-13,covidregion_7,0.8924980857937124,0.4874732605517006,1.4664519145333035
2021-02-03,2021-03-14,covidregion_7,0.8964679631577213,0.47883946028838503,1.4885296762910931
2021-02-03,2021-03-15,covidregion_7,0.896032990284678,0.4734805992310366,1.5069234139970566
2021-02-03,2021-03-16,covidregion_7,0.9020880486875316,0.46722528786526873,1.5372102862739534
2021-02-03,2021-03-17,covidregion_7,0.9058559096294037,0.4595026208897435,1.570808683004532
2021-02-03,2021-03-18,covidregion_7,0.9098531816628534,0.45237307565067736,1.6076873191646688
2021-02-03,2021-03-19,covidregion_7,0.9215300564662784,0.44870428197809675,1.6536788679727525
2021-02-03,2021-03-20,covidregion_7,0.9327138619524744,0.4440995324304563,1.7031941311158127
2021-02-03,2021-03-21,covidregion_7,0.9422596036669395,0.4383765391339902,1.7549807555672419
2021-02-03,2021-03-22,covidregion_7,0.9543729862945786,0.4285279689258485,1.804300839002011
2021-02-03,2021-03-23,covidregion_7,0.9549102843403183,0.41702265906026026,1.838148656511526
2021-02-03,2021-03-24,covidregion_7,0.9527875564663079,0.4032229301440463,1.8874564448533158
2021-02-03,2021-01-10,covidregion_8,0.885603037813577,0.8517330672023377,0.920337959224933
2021-02-03,2021-01-11,covidregion_8,0.8836890597130476,0.8494122553087176,0.9188933881773758
2021-02-03,2021-01-12,covidregion_8,0.8825881294360688,0.8477997441310706,0.9183031975018167
2021-02-03,2021-01-13,covidregion_8,0.8816405581764573,0.8463721137667186,0.9178923229613389
2021-02-03,2021-01-14,covidregion_8,0.8806584974865916,0.8448451020334289,0.9174872971387928
2021-02-03,2021-01-15,covidregion_8,0.8785368409568424,0.8422091360434594,0.9158391669252128
2021-02-03,2021-01-16,covidregion_8,0.8748589193233831,0.8381012186102367,0.9126675667124546
2021-02-03,2021-01-17,covidregion_8,0.8697406455268701,0.8325023479066076,0.908114450789363
2021-02-03,2021-01-18,covidregion_8,0.8643615408459036,0.8266821613720294,0.9032571469420112
2021-02-03,2021-01-19,covidregion_8,0.8583658510728003,0.820321167988854,0.8978648024995365
2021-02-03,2021-01-20,covidregion_8,0.8535488549808871,0.814680333501359,0.8936335682529983
2021-02-03,2021-01-21,covidregion_8,0.8490624127372477,0.8096926290263675,0.8897402855320655
2021-02-03,2021-01-22,covidregion_8,0.8454802601792749,0.8053247415204505,0.8867884045509622
2021-02-03,2021-01-23,covidregion_8,0.8422352181035735,0.8013207915476098,0.8844382776385395
2021-02-03,2021-01-24,covidregion_8,0.83968066403816,0.7981212117743026,0.8826472099559339
2021-02-03,2021-01-25,covidregion_8,0.8382207777435688,0.7959240561536564,0.8819159058741237
2021-02-03,2021-01-26,covidregion_8,0.8382578874196829,0.7950441353699959,0.8829947993071126
2021-02-03,2021-01-27,covidregion_8,0.8394677565891923,0.7952633617082538,0.8852233085165804
2021-02-03,2021-01-28,covidregion_8,0.8420390918051422,0.7968609283132182,0.888879898573195
2021-02-03,2021-01-29,covidregion_8,0.8451586185090665,0.7985651841058641,0.8932553718402136
2021-02-03,2021-01-30,covidregion_8,0.8486921972049777,0.8014614692003816,0.8978266033274852
2021-02-03,2021-01-31,covidregion_8,0.8531080885077303,0.8046318308324201,0.9033309576469852
2021-02-03,2021-02-01,covidregion_8,0.857236307011077,0.8078029860528402,0.9089022004719046
2021-02-03,2021-02-02,covidregion_8,0.8614487421067443,0.8106506300138532,0.9143738132218515
2021-02-03,2021-02-03,covidregion_8,0.865456877171215,0.8134426011089346,0.9192302695930447
2021-02-03,2021-02-04,covidregion_8,0.8685521675961473,0.8157425278396395,0.9236531862457873
2021-02-03,2021-02-05,covidregion_8,0.8704388144253927,0.816665192026473,0.9267023222172864
2021-02-03,2021-02-06,covidregion_8,0.8719048315969788,0.817163594511241,0.928961602637282
2021-02-03,2021-02-07,covidregion_8,0.8723400875788996,0.8167241930810707,0.9306701762903643
2021-02-03,2021-02-08,covidregion_8,0.8725278784550359,0.8159876410326075,0.9317212712075593
2021-02-03,2021-02-09,covidregion_8,0.8728649477961501,0.8150274111107217,0.9331955139663226
2021-02-03,2021-02-10,covidregion_8,0.8733404566560812,0.8144503535368985,0.9344690956410546
2021-02-03,2021-02-11,covidregion_8,0.8736848286109571,0.8137770025029669,0.9360954542024109
2021-02-03,2021-02-12,covidregion_8,0.8740152100433738,0.8133879611304877,0.9372529980095476
2021-02-03,2021-02-13,covidregion_8,0.8743974585245513,0.8127238589095609,0.9389385595186852
2021-02-03,2021-02-14,covidregion_8,0.8753392647765683,0.812487806393354,0.9413408127573639
2021-02-03,2021-02-15,covidregion_8,0.8753223935819496,0.811745230085571,0.9422466865808767
2021-02-03,2021-02-16,covidregion_8,0.8758986823073112,0.8110289283580563,0.944234236932318
2021-02-03,2021-02-17,covidregion_8,0.8767716327947659,0.8108153272498124,0.9462053856426549
2021-02-03,2021-02-18,covidregion_8,0.8765013722263748,0.8097845319685126,0.9472061898015514
2021-02-03,2021-02-19,covidregion_8,0.8770476241123825,0.8089375300868116,0.9486572001131992
2021-02-03,2021-02-20,covidregion_8,0.8762926097971313,0.8072537196268703,0.9488741057865746
2021-02-03,2021-02-21,covidregion_8,0.8756027978566547,0.8052906946188985,0.9500520400198016
2021-02-03,2021-02-22,covidregion_8,0.8753484359668978,0.8041448105914168,0.950668608937292
2021-02-03,2021-02-23,covidregion_8,0.8743361757546069,0.8018138239449015,0.95166185467498
2021-02-03,2021-02-24,covidregion_8,0.8749736731066444,0.8012397794150838,0.9530851021182343
2021-02-03,2021-02-25,covidregion_8,0.8747354225598782,0.7998058485539292,0.9539756007393161
2021-02-03,2021-02-26,covidregion_8,0.8742654782167323,0.7981088020680189,0.9556802407621121
2021-02-03,2021-02-27,covidregion_8,0.8736358960702826,0.7964161674741863,0.9556647473792773
2021-02-03,2021-02-28,covidregion_8,0.8735076869226169,0.7945555213730828,0.9571264919841678
2021-02-03,2021-03-01,covidregion_8,0.8726518350035058,0.7930530609721,0.9578469495921607
2021-02-03,2021-03-02,covidregion_8,0.8717631847031773,0.7903211015274662,0.9588062719299191
2021-02-03,2021-03-03,covidregion_8,0.8718129811419,0.7892010032735103,0.9599759642856258
2021-02-03,2021-03-04,covidregion_8,0.8710768487604947,0.7870033583473568,0.9618241994686852
2021-02-03,2021-03-05,covidregion_8,0.8710616516237524,0.7850935091752107,0.9619258816168313
2021-02-03,2021-03-06,covidregion_8,0.8700308042143589,0.7834663340143613,0.9622605252146428
2021-02-03,2021-03-07,covidregion_8,0.8702606313934428,0.7818883273654776,0.9648666187192164
2021-02-03,2021-03-08,covidregion_8,0.870892306736228,0.7816435684529701,0.9675895071766897
2021-02-03,2021-03-09,covidregion_8,0.8730627125004966,0.7818905774818563,0.9718306880949479
2021-02-03,2021-03-10,covidregion_8,0.8744650328019378,0.7817730073167666,0.9747086025847174
2021-02-03,2021-03-11,covidregion_8,0.8762023820100898,0.78135086748621,0.9781518184581903
2021-02-03,2021-03-12,covidregion_8,0.8769215955925612,0.7806418696904596,0.9809986572521421
2021-02-03,2021-03-13,covidregion_8,0.8791449564320664,0.7803796697621699,0.9853223366408657
2021-02-03,2021-03-14,covidregion_8,0.880383565939338,0.7801484794199955,0.9881389845845169
2021-02-03,2021-03-15,covidregion_8,0.8813679645044548,0.7800672036997984,0.9915363248556783
2021-02-03,2021-03-16,covidregion_8,0.8822920582023357,0.7797901323624767,0.9930701716628278
2021-02-03,2021-03-17,covidregion_8,0.8813249501259146,0.7780685437080318,0.994983793594755
2021-02-03,2021-03-18,covidregion_8,0.8827426669769165,0.7762277254113542,0.9975183345728312
2021-02-03,2021-03-19,covidregion_8,0.8829743709485884,0.7751639132278103,0.9992140976572929
2021-02-03,2021-03-20,covidregion_8,0.8812343756345905,0.7734230085509248,1.0001656846748967
2021-02-03,2021-03-21,covidregion_8,0.8802046181161316,0.7693806173875458,1.00151579437291
2021-02-03,2021-03-22,covidregion_8,0.8777094632770336,0.7649365975654021,1.0018799971027952
2021-02-03,2021-03-23,covidregion_8,0.8740126320017897,0.7595335419219971,0.9995793355500355
2021-02-03,2021-03-24,covidregion_8,0.8677559889813296,0.7524844364969809,0.9953857261408356
2021-02-03,2021-01-10,covidregion_9,0.9014102585657342,0.8583686594331574,0.9458576316634888
2021-02-03,2021-01-11,covidregion_9,0.8996364193078209,0.8561485803329985,0.9446107413643534
2021-02-03,2021-01-12,covidregion_9,0.8987440290532769,0.8546669390418397,0.9442059134215105
2021-02-03,2021-01-13,covidregion_9,0.8978690629507744,0.8532604184643096,0.9439540281868118
2021-02-03,2021-01-14,covidregion_9,0.8966578408618171,0.8515345604887931,0.9432026611793659
2021-02-03,2021-01-15,covidregion_9,0.8940063988411697,0.8483936019840084,0.941365844975796
2021-02-03,2021-01-16,covidregion_9,0.8905722004046023,0.8442950922102344,0.9384715206328247
2021-02-03,2021-01-17,covidregion_9,0.8852805270971852,0.8386308841592383,0.9336520158166195
2021-02-03,2021-01-18,covidregion_9,0.8799408640769955,0.8327408366759339,0.9289126356366588
2021-02-03,2021-01-19,covidregion_9,0.8753061716386279,0.8273922531799778,0.924982906627376
2021-02-03,2021-01-20,covidregion_9,0.8706479197231938,0.8223105730086923,0.9209257464381089
2021-02-03,2021-01-21,covidregion_9,0.8662649586645501,0.8176175071233631,0.9171301725307853
2021-02-03,2021-01-22,covidregion_9,0.8622495696393142,0.8127397989856919,0.9138211183302435
2021-02-03,2021-01-23,covidregion_9,0.8593680706316804,0.8087237940779275,0.9120330864244046
2021-02-03,2021-01-24,covidregion_9,0.857588722179071,0.8063067983562513,0.9110818355607037
2021-02-03,2021-01-25,covidregion_9,0.8566540694319653,0.8045932030326928,0.9109424598148443
2021-02-03,2021-01-26,covidregion_9,0.8566156188414131,0.8033443883929849,0.9122537195891037
2021-02-03,2021-01-27,covidregion_9,0.8575666837793845,0.8033614819225723,0.9145449529964655
2021-02-03,2021-01-28,covidregion_9,0.8607193698613089,0.8052725777289131,0.9187583009719932
2021-02-03,2021-01-29,covidregion_9,0.8644636618816199,0.8076585748527341,0.923993650227551
2021-02-03,2021-01-30,covidregion_9,0.8687727465954487,0.8111376486763131,0.9291229320297955
2021-02-03,2021-01-31,covidregion_9,0.8728200398273029,0.8138409381073695,0.9345750321799311
2021-02-03,2021-02-01,covidregion_9,0.8769010556419887,0.8167464992479863,0.9399003348438218
2021-02-03,2021-02-02,covidregion_9,0.8802002246116429,0.8190025295037103,0.9445038842577675
2021-02-03,2021-02-03,covidregion_9,0.8844295036984758,0.8219978828553736,0.9500124417400162
2021-02-03,2021-02-04,covidregion_9,0.8871586566408705,0.8239013928959423,0.9538706323699294
2021-02-03,2021-02-05,covidregion_9,0.8891555317398319,0.8244196564146626,0.9568851311617413
2021-02-03,2021-02-06,covidregion_9,0.890796069972225,0.8251403045102184,0.959845619024404
2021-02-03,2021-02-07,covidregion_9,0.8916340209425914,0.8251383723797899,0.9615995458528555
2021-02-03,2021-02-08,covidregion_9,0.8923705725386395,0.8246768686739807,0.9632424963604952
2021-02-03,2021-02-09,covidregion_9,0.8930266084083136,0.824174543416377,0.9652837739784936
2021-02-03,2021-02-10,covidregion_9,0.8928078089994909,0.823871508748745,0.9662922124347113
2021-02-03,2021-02-11,covidregion_9,0.8929504738509363,0.8227031354691046,0.9669774044734677
2021-02-03,2021-02-12,covidregion_9,0.8926621617580366,0.8212850886551741,0.9679328993216731
2021-02-03,2021-02-13,covidregion_9,0.8919742061280186,0.8197964692836517,0.9682954484700206
2021-02-03,2021-02-14,covidregion_9,0.8908318315111206,0.8177520870044036,0.967955042973305
2021-02-03,2021-02-15,covidregion_9,0.889268027391168,0.8151001330587722,0.9678807392282904
2021-02-03,2021-02-16,covidregion_9,0.8875436280370204,0.8125698533565522,0.9666264908452727
2021-02-03,2021-02-17,covidregion_9,0.8857982820058842,0.8092281994171537,0.9667898454402752
2021-02-03,2021-02-18,covidregion_9,0.8840013878940901,0.80670008814185,0.9661996606179164
2021-02-03,2021-02-19,covidregion_9,0.8825269748030595,0.8041934250731574,0.9662911496674197
2021-02-03,2021-02-20,covidregion_9,0.8825528229288371,0.8026848887492086,0.9672288017386694
2021-02-03,2021-02-21,covidregion_9,0.8820087053476567,0.8009103218266553,0.9683932547321611
2021-02-03,2021-02-22,covidregion_9,0.8812837189510199,0.7993429427483913,0.9689911223373462
2021-02-03,2021-02-23,covidregion_9,0.8818170207401966,0.798808898049519,0.9704271065047139
2021-02-03,2021-02-24,covidregion_9,0.8823903313120314,0.7979786510874214,0.9723394152200311
2021-02-03,2021-02-25,covidregion_9,0.8828293383824793,0.7974826044430987,0.9743715927934813
2021-02-03,2021-02-26,covidregion_9,0.8831115361278046,0.7960825556884025,0.9761945551595868
2021-02-03,2021-02-27,covidregion_9,0.8840344209376796,0.7951995022647477,0.9787490631492275
2021-02-03,2021-02-28,covidregion_9,0.8853022700335109,0.795652262665793,0.9820398833856443
2021-02-03,2021-03-01,covidregion_9,0.886247806644617,0.7950671023700586,0.9850978185517358
2021-02-03,2021-03-02,covidregion_9,0.8876191790524623,0.7942370847598246,0.9880508445987022
2021-02-03,2021-03-03,covidregion_9,0.8885603329825931,0.7942968781690507,0.9901784388814632
2021-02-03,2021-03-04,covidregion_9,0.8887943945756791,0.7936963019826794,0.9907441545999327
2021-02-03,2021-03-05,covidregion_9,0.8893299507379566,0.7922799157830631,0.994576866285694
2021-02-03,2021-03-06,covidregion_9,0.8898967996156115,0.7913082887764005,0.9969433818782713
2021-02-03,2021-03-07,covidregion_9,0.8918397419436317,0.7912144121770921,0.9999271476606868
2021-02-03,2021-03-08,covidregion_9,0.8930620672019418,0.7913286044343564,1.0031904884314056
2021-02-03,2021-03-09,covidregion_9,0.8950975531395515,0.7912399256351892,1.0071475882858174
2021-02-03,2021-03-10,covidregion_9,0.8963253879161195,0.7906168384632358,1.010308401811153
2021-02-03,2021-03-11,covidregion_9,0.8946103666281688,0.7883836824735484,1.0101521209292388
2021-02-03,2021-03-12,covidregion_9,0.8940219039084671,0.7865192020609812,1.0118013993407606
2021-02-03,2021-03-13,covidregion_9,0.8941679155487761,0.7845304013610187,1.013295799589804
2021-02-03,2021-03-14,covidregion_9,0.894351986912219,0.7833465631031196,1.015940929408973
2021-02-03,2021-03-15,covidregion_9,0.8955746129915827,0.7827619585789666,1.018770550323328
2021-02-03,2021-03-16,covidregion_9,0.8965927250849322,0.7811273384969242,1.020801571344696
2021-02-03,2021-03-17,covidregion_9,0.8963189440878598,0.780932690488362,1.0225288334539133
2021-02-03,2021-03-18,covidregion_9,0.8961876297060163,0.7779753219896686,1.0247181870360311
2021-02-03,2021-03-19,covidregion_9,0.8972238590457031,0.7785339625366082,1.0277960295103314
2021-02-03,2021-03-20,covidregion_9,0.8977691200657376,0.7762996096277724,1.0300027801253089
2021-02-03,2021-03-21,covidregion_9,0.8979375752149021,0.7750396881768965,1.0322024231318316
2021-02-03,2021-03-22,covidregion_9,0.8955859728668005,0.7719101906803836,1.0318585934978146
2021-02-03,2021-03-23,covidregion_9,0.8926119969830264,0.7679775215341409,1.031757822561663
2021-02-03,2021-03-24,covidregion_9,0.8899119450013737,0.7633357491782715,1.0314963129941053
2021-02-03,2021-01-10,covidregion_10,0.8694459650675797,0.8452637858589245,0.8940961696969523
2021-02-03,2021-01-11,covidregion_10,0.866722583371648,0.8422023834736118,0.8917141563910976
2021-02-03,2021-01-12,covidregion_10,0.8644730693397722,0.8395724102468411,0.8898371837681172
2021-02-03,2021-01-13,covidregion_10,0.8621107832629755,0.8368320120121779,0.8879559713247005
2021-02-03,2021-01-14,covidregion_10,0.8593078848976622,0.833578086207432,0.8855466005556738
2021-02-03,2021-01-15,covidregion_10,0.8542132710987507,0.828061521516143,0.8809090226591545
2021-02-03,2021-01-16,covidregion_10,0.8463465286315197,0.8198425191068035,0.8734105894734991
2021-02-03,2021-01-17,covidregion_10,0.8356332307693709,0.808820099227901,0.8630076244612739
2021-02-03,2021-01-18,covidregion_10,0.8247518693202531,0.7975567220346997,0.852594065974405
2021-02-03,2021-01-19,covidregion_10,0.8143721313145038,0.786774746607819,0.8426319492819512
2021-02-03,2021-01-20,covidregion_10,0.8051627696265318,0.7770167025594583,0.8340194208028922
2021-02-03,2021-01-21,covidregion_10,0.7975672444813768,0.7689062411068417,0.8268034671732938
2021-02-03,2021-01-22,covidregion_10,0.7904516346707635,0.7613593033252211,0.8203800201823219
2021-02-03,2021-01-23,covidregion_10,0.7847395437985865,0.7548354867013789,0.8154439347210785
2021-02-03,2021-01-24,covidregion_10,0.7807301162496112,0.7499608874536787,0.8123741815364511
2021-02-03,2021-01-25,covidregion_10,0.7786092304601151,0.7470867018116286,0.8110434625909513
2021-02-03,2021-01-26,covidregion_10,0.7784642826536701,0.7459487629849846,0.8119729873383799
2021-02-03,2021-01-27,covidregion_10,0.7803669956883446,0.7468700069539518,0.8149154325396625
2021-02-03,2021-01-28,covidregion_10,0.7845766702008481,0.7498878214263665,0.8204500496206921
2021-02-03,2021-01-29,covidregion_10,0.7913755570998606,0.7555992436275734,0.828357900678147
2021-02-03,2021-01-30,covidregion_10,0.7996076254099673,0.7626070507941397,0.8378894133458338
2021-02-03,2021-01-31,covidregion_10,0.8087475991056214,0.7703796077891065,0.8483157307716815
2021-02-03,2021-02-01,covidregion_10,0.818268002233854,0.7785016833439549,0.8593397057496133
2021-02-03,2021-02-02,covidregion_10,0.8270317914232533,0.7861447470533023,0.869673241851364
2021-02-03,2021-02-03,covidregion_10,0.8346049828392411,0.7924623407903899,0.878301621046955
2021-02-03,2021-02-04,covidregion_10,0.8405450045640164,0.7969126231231196,0.8856330073261633
2021-02-03,2021-02-05,covidregion_10,0.844363647073193,0.7997736581979761,0.8906538876413557
2021-02-03,2021-02-06,covidregion_10,0.8479522677274467,0.8022455642464636,0.8952416896349281
2021-02-03,2021-02-07,covidregion_10,0.8487907752259798,0.802314708769784,0.897026833133677
2021-02-03,2021-02-08,covidregion_10,0.8486711529837883,0.8012572155475326,0.8979399823842562
2021-02-03,2021-02-09,covidregion_10,0.8487265230264797,0.8001922405723786,0.8990583325554208
2021-02-03,2021-02-10,covidregion_10,0.8479513659572883,0.7984420800582688,0.8993579341092507
2021-02-03,2021-02-11,covidregion_10,0.8472577030225217,0.7966337826096694,0.8996404260101795
2021-02-03,2021-02-12,covidregion_10,0.8457529921840823,0.7945976398950647,0.8989884619629784
2021-02-03,2021-02-13,covidregion_10,0.8450303651566146,0.7927440064339174,0.899437405787671
2021-02-03,2021-02-14,covidregion_10,0.8438395713437544,0.790510522268631,0.8993835530073356
2021-02-03,2021-02-15,covidregion_10,0.8428619785122973,0.7889139416219374,0.8997896252836942
2021-02-03,2021-02-16,covidregion_10,0.8422674532329832,0.786864476947398,0.9001594087006063
2021-02-03,2021-02-17,covidregion_10,0.8415836977989368,0.7850393672837735,0.9013629318554589
2021-02-03,2021-02-18,covidregion_10,0.8411757295794413,0.7834165236195454,0.902418659596453
2021-02-03,2021-02-19,covidregion_10,0.8408448531600552,0.7818853886489647,0.9032339298572012
2021-02-03,2021-02-20,covidregion_10,0.8402313625931923,0.7800865440401576,0.9034942434833908
2021-02-03,2021-02-21,covidregion_10,0.8402458636132928,0.7784383425572796,0.9046943764996205
2021-02-03,2021-02-22,covidregion_10,0.8389159622314015,0.776077368128224,0.9048518724187438
2021-02-03,2021-02-23,covidregion_10,0.8384956190719972,0.7744285168286784,0.905931303987546
2021-02-03,2021-02-24,covidregion_10,0.8373255486135158,0.7720343367329463,0.9061400396651322
2021-02-03,2021-02-25,covidregion_10,0.8372038488915339,0.7700125535394415,0.9075460380524072
2021-02-03,2021-02-26,covidregion_10,0.8365335385348163,0.7683912410318131,0.9086183681014326
2021-02-03,2021-02-27,covidregion_10,0.836585321694046,0.7667370669361722,0.9103312747491739
2021-02-03,2021-02-28,covidregion_10,0.836400959024399,0.7652175819418764,0.9117175563650046
2021-02-03,2021-03-01,covidregion_10,0.837104814857643,0.7640158671779542,0.9139251133048877
2021-02-03,2021-03-02,covidregion_10,0.8367782876351815,0.7623652582448432,0.9160868997686054
2021-02-03,2021-03-03,covidregion_10,0.8373427039178298,0.7615664738657262,0.9178848487628071
2021-02-03,2021-03-04,covidregion_10,0.8361686334915166,0.7591123043818755,0.9185474817819363
2021-02-03,2021-03-05,covidregion_10,0.837839304396345,0.7576698857619852,0.9227842501289272
2021-02-03,2021-03-06,covidregion_10,0.8382631393569802,0.7576667786057798,0.9244344134414781
2021-02-03,2021-03-07,covidregion_10,0.837978443959023,0.7555103241959606,0.9265037393778042
2021-02-03,2021-03-08,covidregion_10,0.8381990040770038,0.7533150807237937,0.9282693879949755
2021-02-03,2021-03-09,covidregion_10,0.839074093655805,0.7525446919623736,0.9317718937646695
2021-02-03,2021-03-10,covidregion_10,0.8395675754213145,0.7512818486126605,0.9344879216372945
2021-02-03,2021-03-11,covidregion_10,0.8393557470622923,0.7494645914528943,0.9364763357182091
2021-02-03,2021-03-12,covidregion_10,0.8394694202216942,0.7477479878296972,0.9387198134719698
2021-02-03,2021-03-13,covidregion_10,0.8398239741937021,0.7454968241090651,0.9412511724363761
2021-02-03,2021-03-14,covidregion_10,0.8390158647729988,0.7434022150227454,0.9432813282166799
2021-02-03,2021-03-15,covidregion_10,0.8385865956322434,0.7405496120892826,0.9453612222309098
2021-02-03,2021-03-16,covidregion_10,0.8399694467632094,0.7390094198310487,0.9492084344493054
2021-02-03,2021-03-17,covidregion_10,0.8396215073152121,0.7371990636395759,0.9510034970125202
2021-02-03,2021-03-18,covidregion_10,0.8396160765418086,0.7352798035469676,0.9532333497605517
2021-02-03,2021-03-19,covidregion_10,0.838400365916791,0.7310976211015691,0.9548699936985137
2021-02-03,2021-03-20,covidregion_10,0.83827024710044,0.7289812551249429,0.9581312799863098
2021-02-03,2021-03-21,covidregion_10,0.8387071581360599,0.7270786420468851,0.960420792162122
2021-02-03,2021-03-22,covidregion_10,0.8344766226717536,0.7213019916549724,0.9599891319511653
2021-02-03,2021-03-23,covidregion_10,0.8271092772478132,0.7127913681110978,0.9563717439604784
2021-02-03,2021-03-24,covidregion_10,0.8187183374444655,0.7021925083857159,0.9495287373775203
2021-02-03,2021-01-10,covidregion_11,0.9225871674216409,0.8955453885340314,0.9501877893209324
2021-02-03,2021-01-11,covidregion_11,0.9231196730948208,0.8958269844541682,0.9509608339674847
2021-02-03,2021-01-12,covidregion_11,0.9241288869811561,0.8965024658225849,0.9522817570279958
2021-02-03,2021-01-13,covidregion_11,0.9251854006469465,0.897339407702467,0.9536824601223219
2021-02-03,2021-01-14,covidregion_11,0.9262344036345835,0.8980755935856026,0.9550822130221853
2021-02-03,2021-01-15,covidregion_11,0.9273342557035767,0.8988256317315526,0.9564616091122302
2021-02-03,2021-01-16,covidregion_11,0.928479295228102,0.8996621139318295,0.9578100785749339
2021-02-03,2021-01-17,covidregion_11,0.9294146196509254,0.9003976798938691,0.9592020803297233
2021-02-03,2021-01-18,covidregion_11,0.9307517871320337,0.9012918625217612,0.9608009416222172
2021-02-03,2021-01-19,covidregion_11,0.9320054928598618,0.9023643057741106,0.9623337567541832
2021-02-03,2021-01-20,covidregion_11,0.9330191024618253,0.9030908060349334,0.9636096160198289
2021-02-03,2021-01-21,covidregion_11,0.9335008509894591,0.9033989985587527,0.9643365542229931
2021-02-03,2021-01-22,covidregion_11,0.9343349578858275,0.9038803959944144,0.9654789412081254
2021-02-03,2021-01-23,covidregion_11,0.935091017785824,0.9043770402163496,0.9665284636003197
2021-02-03,2021-01-24,covidregion_11,0.9356219917370272,0.9045786700920724,0.9673871130705254
2021-02-03,2021-01-25,covidregion_11,0.9362511453648535,0.9048972986883198,0.9682117750553871
2021-02-03,2021-01-26,covidregion_11,0.9367802474164719,0.9052883744954174,0.9690798477742828
2021-02-03,2021-01-27,covidregion_11,0.9372196102887316,0.9053864271131771,0.9697865521738008
2021-02-03,2021-01-28,covidregion_11,0.9376271428516787,0.9055604193066079,0.9704383958024119
2021-02-03,2021-01-29,covidregion_11,0.9380872712043988,0.9057480174729231,0.9711875469546636
2021-02-03,2021-01-30,covidregion_11,0.9387920761040321,0.9061554522270401,0.9721772542478979
2021-02-03,2021-01-31,covidregion_11,0.9391135290995214,0.9061315631771734,0.972775493049893
2021-02-03,2021-02-01,covidregion_11,0.9386609185301158,0.905629408562183,0.9724874789041171
2021-02-03,2021-02-02,covidregion_11,0.9382045909847105,0.9049022872596411,0.9722891682552279
2021-02-03,2021-02-03,covidregion_11,0.937960135561094,0.9042915992963492,0.9723357465470439
2021-02-03,2021-02-04,covidregion_11,0.9376820193100157,0.9037652155132654,0.9724408896110441
2021-02-03,2021-02-05,covidregion_11,0.9377857630280193,0.9036778719971035,0.9727750703621483
2021-02-03,2021-02-06,covidregion_11,0.9376157832730068,0.9031280368531371,0.9728687383155156
2021-02-03,2021-02-07,covidregion_11,0.9376481096989753,0.9028641833980283,0.9733360227551682
2021-02-03,2021-02-08,covidregion_11,0.9376409232558798,0.9025450314631962,0.9734942925216039
2021-02-03,2021-02-09,covidregion_11,0.9376457468119095,0.9023576733060135,0.9738018177579042
2021-02-03,2021-02-10,covidregion_11,0.9376948856119908,0.9022039423989454,0.9740434417904794
2021-02-03,2021-02-11,covidregion_11,0.9366686289299764,0.900948731549233,0.9734574701609715
2021-02-03,2021-02-12,covidregion_11,0.9361978006392164,0.9002231457234029,0.9732756190223946
2021-02-03,2021-02-13,covidregion_11,0.9358330269633951,0.8996337322751954,0.9729330456775693
2021-02-03,2021-02-14,covidregion_11,0.9349561970766427,0.8984357147182135,0.9724899425778862
2021-02-03,2021-02-15,covidregion_11,0.9342887098860188,0.8973923927883207,0.9719657876360832
2021-02-03,2021-02-16,covidregion_11,0.933715694331481,0.8966152694411078,0.9717723358295715
2021-02-03,2021-02-17,covidregion_11,0.9332751994738406,0.8958697435928829,0.9717514337779227
2021-02-03,2021-02-18,covidregion_11,0.9335613352549305,0.8956461344742082,0.9725086390985893
2021-02-03,2021-02-19,covidregion_11,0.9337018145480728,0.8956751130717494,0.972907672196281
2021-02-03,2021-02-20,covidregion_11,0.9334044128182526,0.8949874477748101,0.9729034611597268
2021-02-03,2021-02-21,covidregion_11,0.9335543121871505,0.8947077574445003,0.9735588334977993
2021-02-03,2021-02-22,covidregion_11,0.9332579400167422,0.8941731508368154,0.9733978997469168
2021-02-03,2021-02-23,covidregion_11,0.933612020668407,0.8940956251553667,0.9743370845574162
2021-02-03,2021-02-24,covidregion_11,0.9339768052208484,0.894011507343766,0.9748710479562136
2021-02-03,2021-02-25,covidregion_11,0.9336905593852943,0.8935427007333158,0.9750579547854068
2021-02-03,2021-02-26,covidregion_11,0.9330551746553222,0.8925490361833103,0.9747687098956214
2021-02-03,2021-02-27,covidregion_11,0.9328275712632688,0.8921550083886771,0.9750342133311132
2021-02-03,2021-02-28,covidregion_11,0.9325211522169476,0.8913931475813655,0.9748714513598022
2021-02-03,2021-03-01,covidregion_11,0.9321613149802315,0.8906899328561735,0.9749116431390852
2021-02-03,2021-03-02,covidregion_11,0.9321992903105772,0.8904589531544986,0.9751654500125896
2021-02-03,2021-03-03,covidregion_11,0.9315734545501502,0.8894660773242954,0.9751542809840703
2021-02-03,2021-03-04,covidregion_11,0.9316278869077942,0.8890713345229675,0.9756081244402255
2021-02-03,2021-03-05,covidregion_11,0.9318468899400105,0.8886586480672842,0.9763801652380245
2021-02-03,2021-03-06,covidregion_11,0.9315115340410312,0.8881634444107909,0.9761901118525715
2021-02-03,2021-03-07,covidregion_11,0.9312245688537265,0.8875730211603441,0.976142296307401
2021-02-03,2021-03-08,covidregion_11,0.9309922934352556,0.8868909851241769,0.9766450729171514
2021-02-03,2021-03-09,covidregion_11,0.9301858913392451,0.8858761376146298,0.9758208765757662
2021-02-03,2021-03-10,covidregion_11,0.9295369937244602,0.8847524768547048,0.9758063508131136
2021-02-03,2021-03-11,covidregion_11,0.9292969465858476,0.8842461221788194,0.9758925184884737
2021-02-03,2021-03-12,covidregion_11,0.928895802309057,0.8834458767926734,0.9761129760181326
2021-02-03,2021-03-13,covidregion_11,0.9289255666356742,0.8828999425634402,0.9765236364347645
2021-02-03,2021-03-14,covidregion_11,0.9290136135614601,0.8826207250568452,0.9769635733049586
2021-02-03,2021-03-15,covidregion_11,0.9288854795414725,0.8822015501921316,0.9772591411448297
2021-02-03,2021-03-16,covidregion_11,0.9291092041421533,0.8820486346158218,0.9781101482125456
2021-02-03,2021-03-17,covidregion_11,0.9294310510646014,0.8818481158452524,0.978849612516019
2021-02-03,2021-03-18,covidregion_11,0.9298746931152485,0.8815852940800788,0.9797432417297911
2021-02-03,2021-03-19,covidregion_11,0.9296965406979433,0.8812426144362013,0.9799935775357935
2021-02-03,2021-03-20,covidregion_11,0.9302627142322308,0.8812524652708484,0.9813435311234195
2021-02-03,2021-03-21,covidregion_11,0.930569278231759,0.880971062595911,0.9820951999007758
2021-02-03,2021-03-22,covidregion_11,0.9299301449781534,0.8797934366553077,0.9818726289043469
2021-02-03,2021-03-23,covidregion_11,0.928536656369797,0.8781078261904004,0.9808803136543516
2021-02-03,2021-03-24,covidregion_11,0.926946562128766,0.8763041606818733,0.9797872650844062
